id,firstName,lastName,age,gender,email,phone,username,birthDate,bloodGroup,height,weight,eyeColor,hairColor,hairType,city,state,country,university,companyName,companyDept,companyTitle,cryptoCoin,cryptoWallet,cryptoNetwork,role,cardExpire,cardNumber,cardType,currency,iban
1,Emily,Johnson,28,female,emily.johnson@x.dummyjson.com,+81 965-431-3024,emilys,1996-5-30,O-,193.24,63.16,Green,Brown,Curly,Phoenix,Mississippi,United States,University of Wisconsin--Madison,"Dooley, Kozey and Cronin",Engineering,Sales Manager,Bitcoin,0xb9fc2fe63b2a6c003f1c324c3bfa53259162181a,Ethereum (ERC20),admin,03/26,9289760655481815,Elo,CNY,YPUXISOBI7TTHPK2BR3HAIXL
2,Michael,Williams,35,male,michael.williams@x.dummyjson.com,+49 258-627-6644,michaelw,1989-8-10,B+,186.22,76.32,Red,Green,Straight,Houston,Alabama,United States,Ohio State University,Spinka - Dickinson,Support,Support Specialist,Bitcoin,0xb9fc2fe63b2a6c003f1c324c3bfa53259162181a,Ethereum (ERC20),admin,02/27,6737807858721625,Elo,SEK,83IDT77FWYLCJVR8ISDACFH0
3,Sophia,Brown,42,female,sophia.brown@x.dummyjson.com,+81 210-652-2785,sophiab,1982-11-6,O-,177.72,52.6,Hazel,White,Wavy,Washington,Alabama,United States,Pepperdine University,Schiller - Zieme,Research and Development,Accountant,Bitcoin,0xb9fc2fe63b2a6c003f1c324c3bfa53259162181a,Ethereum (ERC20),admin,04/25,7795895470082859,Korean Express,SEK,90XYKT83LMM7AARZ8JN958JC
4,James,Davis,45,male,james.davis@x.dummyjson.com,+49 614-958-9364,jamesd,1979-5-4,AB+,193.31,62.1,Amber,Blonde,Straight,Seattle,Pennsylvania,United States,University of Southern California,Pagac and Sons,Support,Research Analyst,Bitcoin,0xb9fc2fe63b2a6c003f1c324c3bfa53259162181a,Ethereum (ERC20),admin,05/29,5005519846254763,Mastercard,INR,7N7ZH1PJ8Q4WU1K965HQQR27
5,Emma,Miller,30,female,emma.miller@x.dummyjson.com,+91 759-776-1614,emmaj,1994-6-13,AB-,192.8,63.62,Green,White,Straight,Jacksonville,Colorado,United States,Northeastern University,Graham - Gulgowski,Human Resources,Quality Assurance Engineer,Bitcoin,0xb9fc2fe63b2a6c003f1c324c3bfa53259162181a,Ethereum (ERC20),admin,03/26,5772950119588627,American Express,CAD,TAVHURD845KVBTB8W81AQXRY
6,Olivia,Wilson,22,female,olivia.wilson@x.dummyjson.com,+91 607-295-6448,oliviaw,2002-4-20,B+,182.61,58,Hazel,Gray,Curly,Fort Worth,Tennessee,United States,University of North Carolina--Chapel Hill,Pfannerstill Inc,Product Management,Research Analyst,Bitcoin,0xb9fc2fe63b2a6c003f1c324c3bfa53259162181a,Ethereum (ERC20),moderator,05/28,6771923832947881,Diners Club International,BRL,V6H0O5OE3Q4JVKWDTYWZABMD
7,Alexander,Jones,38,male,alexander.jones@x.dummyjson.com,+61 260-824-4986,alexanderj,1986-10-20,AB-,153.89,77.42,Blue,White,Straight,Indianapolis,Delaware,United States,University of Illinois--Urbana-Champaign,Dickens - Beahan,Engineering,Web Developer,Bitcoin,0xb9fc2fe63b2a6c003f1c324c3bfa53259162181a,Ethereum (ERC20),moderator,05/25,7344951706130140,JCB,EUR,49V4GVDVMP0MHIDD4VXMQ3A2
8,Ava,Taylor,27,female,ava.taylor@x.dummyjson.com,+1 458-853-7877,avat,1997-8-25,AB-,168.47,57.08,Hazel,Red,Kinky,Fort Worth,Rhode Island,United States,University of Wisconsin--Madison,Nikolaus Inc,Marketing,Chief Executive Officer,Bitcoin,0xb9fc2fe63b2a6c003f1c324c3bfa53259162181a,Ethereum (ERC20),moderator,01/29,6412128967460199,Maestro,CNY,TS66YQ8R16OX7IJKLUONDQHP
9,Ethan,Martinez,33,male,ethan.martinez@x.dummyjson.com,+92 933-608-5081,ethanm,1991-2-12,AB+,159.19,68.81,Hazel,Purple,Curly,San Antonio,Louisiana,United States,Syracuse University,Gorczany - Gottlieb,Support,Legal Counsel,Bitcoin,0xb9fc2fe63b2a6c003f1c324c3bfa53259162181a,Ethereum (ERC20),moderator,02/25,7183482484317509,Visa,CAD,CW5U5KS23U7JYD22TVQL7SIH
10,Isabella,Anderson,31,female,isabella.anderson@x.dummyjson.com,+49 770-658-4885,isabellad,1993-6-10,A-,150.56,50.1,Brown,Blonde,Curly,New York,Utah,United States,California Institute of Technology (Caltech),Pollich - Hilpert,Marketing,Chief Financial Officer,Bitcoin,0xb9fc2fe63b2a6c003f1c324c3bfa53259162181a,Ethereum (ERC20),moderator,05/27,6118714010128731,NPS,CNY,GBZRGDMKUOTO34HBCI7A986J
11,Liam,Garcia,29,male,liam.garcia@x.dummyjson.com,+92 870-217-6201,liamg,1995-6-6,AB-,162.32,93.16,Violet,Red,Wavy,Denver,South Dakota,United States,Ohio State University,Considine - Torp,Services,Web Developer,Bitcoin,0xb9fc2fe63b2a6c003f1c324c3bfa53259162181a,Ethereum (ERC20),moderator,02/27,2302893002194899,Discover,GBP,O8ENPRB9UVBL2EFZ7601KC09
12,Mia,Rodriguez,24,female,mia.rodriguez@x.dummyjson.com,+49 989-461-8403,miar,2000-8-4,O-,188.08,56.03,Blue,Purple,Wavy,Jacksonville,West Virginia,United States,William & Mary,"Miller, Schowalter and Wisozk",Accounting,Business Analyst,Bitcoin,0xb9fc2fe63b2a6c003f1c324c3bfa53259162181a,Ethereum (ERC20),moderator,05/26,1539872303456158,Carte Bancaire,CAD,EBMD95RLK8B82ZAZNXBJ09V5
13,Noah,Hernandez,40,male,noah.hernandez@x.dummyjson.com,+49 393-605-6968,noahh,1984-6-5,AB+,188.62,69.49,Brown,Red,Curly,New York,North Dakota,United States,New York University (NYU),"Botsford, Marquardt and Roberts",Engineering,Database Administrator,Bitcoin,0xb9fc2fe63b2a6c003f1c324c3bfa53259162181a,Ethereum (ERC20),moderator,05/26,1681772579326385,Discover,SEK,G4UIZKIQVPJM9D31XQVR1E9Z
14,Charlotte,Lopez,36,female,charlotte.lopez@x.dummyjson.com,+44 373-953-5028,charlottem,1988-6-8,AB-,178.92,82.46,Brown,Gray,Kinky,Columbus,Ohio,United States,Northeastern University,Zulauf and Sons,Accounting,Chief Executive Officer,Bitcoin,0xb9fc2fe63b2a6c003f1c324c3bfa53259162181a,Ethereum (ERC20),moderator,02/27,5675368650551956,Maestro,CNY,FKK6U634LGI3E7N517DLVVTL
15,William,Gonzalez,32,male,william.gonzalez@x.dummyjson.com,+81 905-252-7319,williamg,1992-3-27,B-,173.21,82.41,Hazel,Gray,Curly,San Jose,Utah,United States,Tufts University,Spinka - Dickinson,Marketing,Software Architect,Bitcoin,0xb9fc2fe63b2a6c003f1c324c3bfa53259162181a,Ethereum (ERC20),moderator,03/27,6053000793215148,Mir,EUR,AR01SNDMKGECX0EYH7UCW61W
16,Avery,Perez,25,female,avery.perez@x.dummyjson.com,+61 731-431-3457,averyp,1999-3-10,O-,172.68,93.9,Brown,Green,Curly,Columbus,Iowa,United States,Harvard University,Herzog Inc,Accounting,Database Administrator,Bitcoin,0xb9fc2fe63b2a6c003f1c324c3bfa53259162181a,Ethereum (ERC20),user,04/27,0961014686718571,Carte Bancaire,USD,28JYZAY4KYT48YI8QW40PWXR
17,Evelyn,Sanchez,37,female,evelyn.sanchez@x.dummyjson.com,+1 623-880-6871,evelyns,1987-10-13,B+,184.08,83.15,Violet,Blue,Curly,San Diego,Wyoming,United States,Washington University in St. Louis,Predovic - Johns,Support,Chief Financial Officer,Bitcoin,0xb9fc2fe63b2a6c003f1c324c3bfa53259162181a,Ethereum (ERC20),user,04/29,4557521697420096,UnionPay,SEK,KN8XAPR2J5UB8AKDI1EVJ56R
18,Logan,Torres,31,male,logan.torres@x.dummyjson.com,+81 507-434-8733,logant,1993-10-26,A+,190.04,72.43,Green,Green,Curly,Columbus,Arkansas,United States,University of Illinois--Urbana-Champaign,Jast - Nader,Training,Data Analyst,Bitcoin,0xb9fc2fe63b2a6c003f1c324c3bfa53259162181a,Ethereum (ERC20),user,05/26,7884268130452098,UnionPay,NZD,HZM7V9PYHPZBN72IDFPXGN8Q
19,Abigail,Rivera,28,female,abigail.rivera@x.dummyjson.com,+91 228-363-7806,abigailr,1996-10-11,B+,186.39,74.61,Violet,Blue,Kinky,Chicago,New Mexico,United States,California Institute of Technology (Caltech),Prohaska - Thiel,Human Resources,Business Analyst,Bitcoin,0xb9fc2fe63b2a6c003f1c324c3bfa53259162181a,Ethereum (ERC20),user,02/28,4832361886407551,RuPay,BRL,O02LHDNNFCVSM6D4H81DIQHE
20,Jackson,Evans,34,male,jackson.evans@x.dummyjson.com,+44 468-628-6686,jacksone,1990-11-30,O-,162.57,74.37,Green,Red,Straight,New York,Arkansas,United States,Ohio State University,Kuhlman LLC,Legal,Web Developer,Bitcoin,0xb9fc2fe63b2a6c003f1c324c3bfa53259162181a,Ethereum (ERC20),user,04/26,2109192842527801,BC Card,EUR,TX26FO9B7YR2VHYDSJBE32AX
21,Madison,Collins,26,female,madison.collins@x.dummyjson.com,+81 259-957-5711,madisonc,1998-3-7,B-,189.28,56.96,Red,Gray,Curly,Philadelphia,New Jersey,United States,University of Pennsylvania,Mayer - Smitham,Engineering,Chief Technology Officer,Bitcoin,0xb9fc2fe63b2a6c003f1c324c3bfa53259162181a,Ethereum (ERC20),user,04/28,5549175461210252,Mir,CNY,Y0WSN5IED255808SIYBUOMWO
22,Elijah,Stewart,33,male,elijah.stewart@x.dummyjson.com,+44 468-357-7872,elijahs,1991-10-22,A-,195.33,81.64,Blue,Purple,Straight,Columbus,Illinois,United States,Georgetown University,Langworth Group,Legal,Business Analyst,Bitcoin,0xb9fc2fe63b2a6c003f1c324c3bfa53259162181a,Ethereum (ERC20),user,05/27,0798116671286564,JCB,GBP,E1XUHCC1N39WGU6XESSK1CAO
23,Chloe,Morales,39,female,chloe.morales@x.dummyjson.com,+92 468-541-7133,chloem,1985-4-21,O+,185.07,63.97,Brown,Red,Kinky,Dallas,New Jersey,United States,Syracuse University,Grady LLC,Sales,Database Administrator,Bitcoin,0xb9fc2fe63b2a6c003f1c324c3bfa53259162181a,Ethereum (ERC20),user,05/28,3150496938377346,American Express,PKR,P7YLGOOBWBD1SRWDWSFO3PZ0
24,Mateo,Nguyen,30,male,mateo.nguyen@x.dummyjson.com,+1 341-597-6694,mateon,1994-6-2,O+,174.29,59.98,Red,Purple,Wavy,Columbus,Missouri,United States,Columbia University,Spinka LLC,Accounting,Business Analyst,Bitcoin,0xb9fc2fe63b2a6c003f1c324c3bfa53259162181a,Ethereum (ERC20),user,03/26,5545852224851851,JCB,TRY,WEBE9SBX588VFUCVCA6KFHWB
25,Harper,Kelly,27,female,harper.kelly@x.dummyjson.com,+92 518-863-2863,harpere,1997-3-3,AB-,184.32,81.69,Amber,Red,Curly,Philadelphia,New York,United States,Boston College,"Leffler, Rolfson and Becker",Legal,Business Development Manager,Bitcoin,0xb9fc2fe63b2a6c003f1c324c3bfa53259162181a,Ethereum (ERC20),user,04/26,1298153007505587,RuPay,JPY,DJI19LCUNUHP6YSGPY52D5VG
26,Evelyn,Gonzalez,35,female,evelyn.gonzalez@x.dummyjson.com,+61 708-508-4638,evelyng,1989-2-5,O+,168.94,58.47,Red,Black,Wavy,Dallas,Maine,United States,Washington University in St. Louis,"Tromp, Gaylord and Weber",Accounting,Project Manager,Bitcoin,0xb9fc2fe63b2a6c003f1c324c3bfa53259162181a,Ethereum (ERC20),user,03/28,9584313788145560,RuPay,INR,X4UPULQG61VIGA97USY7AAEB
27,Daniel,Cook,41,male,daniel.cook@x.dummyjson.com,+44 254-761-6843,danielc,1983-12-25,AB+,186.21,83.72,Brown,Blonde,Curly,Los Angeles,Nevada,United States,Columbia University,"Morissette, Baumbach and Auer",Support,Legal Counsel,Bitcoin,0xb9fc2fe63b2a6c003f1c324c3bfa53259162181a,Ethereum (ERC20),user,01/26,8452555751345228,Korean Express,NZD,A8DBPECO4X6D09WYOVT8UZK8
28,Lily,Lee,29,female,lily.lee@x.dummyjson.com,+1 808-757-9867,lilyb,1995-12-3,AB-,181.42,51.49,Gray,Purple,Straight,Phoenix,Massachusetts,United States,Johns Hopkins University,Cremin Inc,Product Management,Quality Assurance Engineer,Bitcoin,0xb9fc2fe63b2a6c003f1c324c3bfa53259162181a,Ethereum (ERC20),user,05/29,2903637820228856,Visa,JPY,BKX6ZWB8UJZD09RFOWFPPD3C
29,Henry,Hill,38,male,henry.hill@x.dummyjson.com,+1 240-833-4680,henryh,1986-8-19,O-,180.25,95.84,Gray,Black,Straight,Indianapolis,Delaware,United States,University of Illinois--Urbana-Champaign,"Gerlach, Funk and Schoen",Services,Sales Manager,Bitcoin,0xb9fc2fe63b2a6c003f1c324c3bfa53259162181a,Ethereum (ERC20),user,02/26,7262597174206766,Diners Club International,SEK,7N3JP8KN9AUNXOWRQGAU2JX6
30,Addison,Wright,32,female,addison.wright@x.dummyjson.com,+1 514-384-3300,addisonw,1992-1-3,B+,179.32,76.93,Brown,Blonde,Straight,San Francisco,Montana,United States,Syracuse University,Kreiger Inc,Services,Human Resources Manager,Bitcoin,0xb9fc2fe63b2a6c003f1c324c3bfa53259162181a,Ethereum (ERC20),user,05/28,3756638438861539,Carte Bancaire,JPY,OOPQTNZ74OLPKVT7TGB89UQL
